[
    {"id": 1, "title": "All Jobs", "category": "JOB", "url": "https://www.google.co.jp/search?q=all-jobs"},
    {"id": 2, "title": "My Jobs", "category": "JOB", "url": "https://www.google.co.jp/search?q=my-jobs"},
    {"id": 3, "title": "Saved Job 1", "category": "JOB", "url": "https://www.google.co.jp/search?q=saved-job-1"},
    {"id": 4, "title": "Saved Job 2", "category": "JOB", "url": "https://www.google.co.jp/search?q=saved-job-2"},
    {"id": 5, "title": "Saved Job 3", "category": "JOB", "url": "https://www.google.co.jp/search?q=saved-job-3"},
    {"id": 6, "title": "Saved Job 4", "category": "JOB", "url": "https://www.google.co.jp/search?q=saved-job-4"},
    {"id": 7, "title": "Saved Job 5", "category": "JOB", "url": "https://www.google.co.jp/search?q=saved-job-5"},
    {"id": 8, "title": "Saved Job 6", "category": "JOB", "url": "https://www.google.co.jp/search?q=saved-job-6"},
    {"id": 9, "title": "Saved Job 7", "category": "JOB", "url": "https://www.google.co.jp/search?q=saved-job-7"}
]